{"cameraMode":{"drawMode":0,"name":"Shaded","section":"Shading Mode"},"sceneLighting":true,"audioPlay":false,"sceneViewState":{"m_AlwaysRefresh":false,"showFog":true,"showSkybox":true,"showFlares":true,"showImageEffects":true,"showParticleSystems":true,"showVisualEffectGraphs":true,"m_FxEnabled":true},"in2DMode":false,"pivot":{"x":16.833452224731447,"y":13.824615478515625,"z":0.651702880859375},"rotation":{"x":0.07940735667943955,"y":-0.014952053315937519,"z":0.001191206625662744,"w":0.996730387210846},"size":33.24601745605469,"orthographic":false}