{"cameraMode":{"drawMode":0,"name":"Shaded","section":"Shading Mode"},"sceneLighting":true,"audioPlay":false,"sceneViewState":{"m_AlwaysRefresh":false,"showFog":true,"showSkybox":true,"showFlares":true,"showImageEffects":true,"showParticleSystems":true,"showVisualEffectGraphs":true,"m_FxEnabled":true},"in2DMode":false,"pivot":{"x":-0.33302831649780276,"y":1.00895094871521,"z":0.07346892356872559},"rotation":{"x":-0.11528356373310089,"y":0.06758908182382584,"z":-0.007862268015742302,"w":-0.9910053014755249},"size":8.756199836730957,"orthographic":false}